<?xml version="1.0" encoding="UTF-8"?>
<!DOCTYPE transport-manager SYSTEM "G:\SOAP_1\XMLConcepts\transport-manager.dtd">
<transport-manager>
	<transport-service-agent>
		<service-agent>BlueDart</service-agent>
		<service-agent-code>BD090</service-agent-code>
	</transport-service-agent>
	<transport-vehicle>
		<vehicle-no>TS 09 6785</vehicle-no>
		<routes>
			<route-details route-no="HO789">
				<route-name>HYD-OD</route-name>
			</route-details>
		</routes>
		<drivers>
		<helper-details>
			<name>Fgsdk</name>
			<contact-no>76970</contact-no>
			<id-no>HIiu90</id-no>
		</helper-details>
		</drivers>
	</transport-vehicle>
	<shipping-address>
		<source>HYD</source>
		<destination>BAM</destination>
	</shipping-address>
	<parcels route-no-ref="HO789">
		<parcel awb-no="BD5678875">
			<weight>80</weight>
			<value>1000</value>
			<type>Standard</type>
		</parcel>
	</parcels>
	<customer surname="Srikan" >
		<name>Srikanta</name>
		<contact-no>898989898</contact-no>
	</customer>
</transport-manager>
