<?xml version="1.0" encoding="UTF-8"?>
<fk:purchaseOrder xmlns:fk="http://flipkart.com/sales/books" xmlns:xsi="http://www.w3.org/2001/XMLSchema-instance" xsi:schemaLocation="http://flipkart.com/sales/books file:///G:/SOAP_1/XMLConcepts/Namespace%20concept/include.xsd">
	<fk:shippingAddress>
		<fk:addressLine1>gora</fk:addressLine1>
		<fk:city>Hyd</fk:city>
		<fk:state>TS</fk:state>
		<fk:zip>500038</fk:zip>
		<fk:country>India</fk:country>
	</fk:shippingAddress>
	<fk:items>tyf</fk:items>
</fk:purchaseOrder>
