<?xml version="1.0" encoding="UTF-8"?>
<bill xmlns:xsi="http://www.w3.org/2001/XMLSchema-instance" xsi:schemaLocation="http://mkcg.com/billing/info file:///G:/SRIMAN_1/WS_2/XML_XSDConcepts/Namespace%20concept/billofPatient.xsd" xmlns="http://mkcg.com/billing/info" xmlns:p="http://mkcg.com/patients/info">
	<p:patients>
		<p:patient-details>
			<p:name></p:name>
			<p:contact-no>98980909</p:contact-no>
		</p:patient-details>
	</p:patients>
	<bill-no>5608</bill-no>
	<amount>6790.90</amount>
	<status>pending</status>
</bill>