<?xml version="1.0" encoding="UTF-8"?>
<redbus-ticket xmlns:xsi="http://www.w3.org/2001/XMLSchema-instance" xsi:schemaLocation="http://redbus.in/tickets/info file:///G:/SRIMAN_1/WS_2/XML_XSDConcepts/Namespace%20concept/redbus-ticket.xsd http://osrtc.com/partner/ticket file:///G:/SRIMAN_1/WS_2/XML_XSDConcepts/Namespace%20concept/osrtc-ticket.xsd" xmlns="http://redbus.in/tickets/info" xmlns:od="http://osrtc.com/partner/ticket">
	<tickect-no>rb78945</tickect-no>
	<source>HYD</source>
	<destination>BBSR</destination>
	<journey-dt>2017-08-08</journey-dt>
	<ticket-details>
		<od:osrtc-ticket>
			<od:osrtc-ref-no>od878943</od:osrtc-ref-no>
			<od:seat-no>45</od:seat-no>
			<od:bus-no>OD075 789</od:bus-no>
			<od:bus-contact-no>897237894</od:bus-contact-no>
		</od:osrtc-ticket>
	</ticket-details>
</redbus-ticket>